Workbook

Sheet README
A1: IPEN CLO-PO/PI Assessment Database Template | D1: Workbook Structure
A2: หลักสูตรวิศวกรรมไฟฟ้าและการจัดการอุตสาหกรรม | D2: Sheet | E2: Purpose | F2: Input?
D3: Course_Info | E3: ข้อมูลรายวิชา | F3: Yes
A4: วิธีใช้งาน | B4: รายละเอียด | D4: CLO_Assessment | E4: ข้อมูล CLO/PO/PI และผลลัพธ์ | F4: Yes
A5: 1 | B5: อัปโหลดไฟล์นี้เข้า Google Drive แล้วเปิดด้วย Google Sheets | D5: PO_PI_Master | E5: รายการ PO/PI สำหรับ dropdown | F5: Master
A6: 2 | B6: กรอกข้อมูลรายวิชาใน sheet Course_Info | D6: Instructors | E6: รายชื่อผู้สอน | F6: Master
A7: 3 | B7: กรอกข้อมูล CLO รายตัวใน sheet CLO_Assessment โดย 1 CLO = 1 row | D7: File_Storage | E7: ลิงก์ไฟล์หลักฐาน | F7: Yes
A8: 4 | B8: ใช้ PO_PI_Master เป็นฐานข้อมูล dropdown ของ PO และ PI | D8: Dashboard_Data | E8: สรุปผล attainment | F8: Formula
A9: 5 | B9: ใส่ลิงก์ไฟล์หลักฐานใน File_Storage หรือคอลัมน์ไฟล์ใน CLO_Assessment | D9: Settings | E9: ค่าตั้งต้นระบบ | F9: Master
A10: 6 | B10: Dashboard_Data ใช้สรุปค่า PI/PO attainment ต่อปีการศึกษา
A11: หมายเหตุ | B11: โครงสร้างนี้ออกแบบให้ต่อกับ Google Apps Script และ Web App ได้โดยตรง
A12: เวอร์ชัน | B12: Template generated 2026-05-14

Sheet processed_data
A1: Timestamp | B1: ปีการศึกษา | C1: ภาคการศึกษา | D1: รหัสวิชา | E1: ชื่อวิชา | F1: คำอธิบายรายวิชา | G1: ชื่อผู้สอน | H1: Email ผู้สอน | I1: CLO1 Description | J1: CLO1 PO | K1: CLO1 PO Description | L1: CLO1 PI | M1: CLO1 PI Description | N1: CLO1 Assessment Method | O1: CLO1 Target (%) | P1: CLO1 Attainment (%) | Q1: CLO1 Average Score (%) | R1: CLO1 Exam File URL | S1: CLO1 Answer File URL | T1: CLO1 Comment | U1: CLO2 Description | V1: CLO2 PO | W1: CLO2 PO Description | X1: CLO2 PI | Y1: CLO2 PI Description | Z1: CLO2 Assessment Method | AA1: CLO2 Target (%) | AB1: CLO2 Attainment (%) | AC1: CLO2 Average Score (%) | AD1: CLO2 Exam File URL | AE1: CLO2 Answer File URL | AF1: CLO2 Comment | AG1: CLO3 Description | AH1: CLO3 PO | AI1: CLO3 PO Description | AJ1: CLO3 PI | AK1: CLO3 PI Description | AL1: CLO3 Assessment Method | AM1: CLO3 Target (%) | AN1: CLO3 Attainment (%) | AO1: CLO3 Average Score (%) | AP1: CLO3 Exam File URL | AQ1: CLO3 Answer File URL | AR1: CLO3 Comment | AS1: CLO4 Description | AT1: CLO4 PO | AU1: CLO4 PO Description | AV1: CLO4 PI | AW1: CLO4 PI Description | AX1: CLO4 Assessment Method | AY1: CLO4 Target (%) | AZ1: CLO4 Attainment (%) | BA1: CLO4 Average Score (%) | BB1: CLO4 Exam File URL | BC1: CLO4 Answer File URL | BD1: CLO4 Comment | BE1: CLO5 Description | BF1: CLO5 PO | BG1: CLO5 PO Description | BH1: CLO5 PI | BI1: CLO5 PI Description | BJ1: CLO5 Assessment Method | BK1: CLO5 Target (%) | BL1: CLO5 Attainment (%) | BM1: CLO5 Average Score (%) | BN1: CLO5 Exam File URL | BO1: CLO5 Answer File URL | BP1: CLO5 Comment | BQ1: CLO1 Question Paper File URL | BR1: CLO2 Question Paper File URL | BS1: CLO3 Question Paper File URL | BT1: CLO4 Question Paper File URL | BU1: CLO5 Question Paper File URL | BV1: CourseID | BW1: PDF_Report_URL | BX1: DOC_Report_URL

Sheet Course_Info
A1: CourseID | B1: AcademicYear | C1: Semester | D1: CourseCode | E1: CourseName | F1: Instructor | G1: Description | H1: Timestamp | I1: Status | J1: PDF_Report_URL | K1: CourseDescription | L1: InstructorName | M1: InstructorEmail | N1: ProgramName | O1: CreatedAt | P1: UpdatedAt
A2: EIM313-2567-1/2567 | B2: 2567 | C2: 243619 | D2: EIM313 | E2: Digital Signal Processing | H2: 46161.316 | I2: Draft | K2: Introduction to Digital Signal Processing. | N2: Electronic Engineering and Intelligent Technology | O2: 46161.316 | P2: 46161.316

Sheet CLO_Assessment
A1: AssessmentID | B1: CourseID | C1: AcademicYear | D1: Semester | E1: CourseCode | F1: CLO_Number | G1: CLO_Description | H1: PO | I1: PI | J1: PI_Description | K1: Assessment_Result | L1: Target_Percent | M1: Attainment_Percent | N1: Exam_File_URL | O1: Question_Paper_File_URL | P1: Comment | Q1: Assessor | R1: Timestamp | S1: Evidence_Status | T1: Remark | U1: PO_Description | V1: Assessment_Method | W1: CreatedAt | X1: UpdatedAt | Y1: Average_Score_Percent
F2: CLO1 | G2: [5yjpyojtypjnypnjpnojnpjp | H2: PO7 | I2: PI7.1 | J2: อธิบายแนวคิด ข้อมูล หรือผลการทำงานทางวิศวกรรมให้ผู้อื่นเข้าใจได้อย่างชัดเจน | R2: 46161.11 | U2: การติดต่อสื่อสาร | V2: Exam | W2: 46161.11 | X2: 46161.11
F3: CLO1 | G3: Students can design intelligent digital signal processing systems. | H3: PO1 | I3: PI1.1 | J3: อธิบายหลักการพื้นฐานทางวิทยาศาสตร์ที่เกี่ยวข้องกับพื้นฐานด้านวิศวกรรมศาสตร์ได้อย่างถูกต้อง | R3: 46161.317 | U3: ความรู้ทางด้านวิศวกรรม คณิตศาสตร์และวิทยาศาสตร์ | V3: Final Exam | W3: 46161.317 | X3: 46161.317
F4: CLO1 | L4: 5080 | M4: 75 | R4: 46161.32 | W4: 46161.32 | X4: 46161.32
F5: CLO1 | L5: 80 | M5: 75 | R5: 46161.32 | W5: 46161.32 | X5: 46161.32
F6: CLO1 | L6: 50 | R6: 46161.321 | W6: 46161.321 | X6: 46161.321
F7: CLO1 | L7: 80 | M7: 75 | P7: The students performed well. | R7: 46161.321 | W7: 46161.321 | X7: 46161.321 | Y7: 78.5

Sheet PO_PI_Master
A1: PO | B1: PI | C1: Description
A2: PO1 | B2: PI1.1 | C2: ประยุกต์ใช้คณิตศาสตร์ วิทยาศาสตร์ และหลักการทางวิศวกรรมในการแก้ปัญหาทางวิศวกรรม
A3: PO1 | B3: PI1.2 | C3: วิเคราะห์ปัญหาทางวิศวกรรมโดยใช้ความรู้พื้นฐานและความรู้เฉพาะทางอย่างเหมาะสม
A4: PO1 | B4: PI1.3 | C4: เลือกใช้ทฤษฎี แบบจำลอง หรือเครื่องมือคำนวณที่เหมาะสมกับปัญหา
A5: PO1 | B5: PI1.4 | C5: แปลผลลัพธ์การคำนวณหรือการวิเคราะห์เชิงวิศวกรรมได้อย่างถูกต้อง
A6: PO2 | B6: PI2.1 | C6: ระบุและนิยามปัญหาทางวิศวกรรมจากข้อมูลหรือข้อกำหนดที่ได้รับ
A7: PO2 | B7: PI2.2 | C7: วิเคราะห์ข้อจำกัด เงื่อนไข และปัจจัยที่เกี่ยวข้องกับปัญหา
A8: PO2 | B8: PI2.3 | C8: สังเคราะห์แนวทางแก้ปัญหาที่เป็นไปได้โดยอาศัยหลักการทางวิศวกรรม
A9: PO2 | B9: PI2.4 | C9: ประเมินและเลือกแนวทางแก้ปัญหาที่เหมาะสมตามเกณฑ์ที่กำหนด
A10: PO3 | B10: PI3.1 | C10: ออกแบบระบบ องค์ประกอบ หรือกระบวนการทางวิศวกรรมตามความต้องการที่กำหนด
A11: PO3 | B11: PI3.2 | C11: พิจารณาข้อจำกัดด้านเศรษฐศาสตร์ ความปลอดภัย สิ่งแวดล้อม มาตรฐาน และสังคมในการออกแบบ
A12: PO3 | B12: PI3.3 | C12: นำเสนอผลการออกแบบพร้อมเหตุผลสนับสนุนและหลักฐานเชิงวิศวกรรม
... A31: PO11 | B31: PI11.2 | C31: ปฏิบัติงานหรือเสนอแนวทางโดยสอดคล้องกับจรรยาบรรณและความรับผิดชอบทางวิชาชีพ

Sheet Instructors
A1: InstructorID | B1: Name | C1: Email | D1: Department

Sheet File_Storage
A1: FileID | B1: CourseID | C1: AcademicYear | D1: Semester | E1: CLO_Number | F1: FileType | G1: FileName | H1: DriveURL | I1: CourseCode | J1: CLO | K1: FolderURL | L1: MimeType | M1: CreatedAt

Sheet Dashboard_Data
A1: AcademicYear | B1: Semester | C1: PO | D1: PI | E1: PI_Description | F1: Avg_Attainment | G1: Target | H1: Status | I1: Course_Count | J1: Evidence_Count
A2: 2568 | B2: 1 | C2: PO1 | D2: PI1.1 | E2: ประยุกต์ใช้คณิตศาสตร์ วิทยาศาสตร์ และหลักการทางวิศวกรรมในการแก้ปัญหาทางวิศวกรรม | F2: =IFERROR(AVERAGEIFS(CLO_Assessment!$M:$M,CLO_Assessment!$I:$I,D2,CLO_Assessment!$C:$C,A2,CLO_Assessment!$D:$D,B2),"") | G2: 50 | H2: =IF(F2="","No Data",IF(F2>=G2,"Pass","Improve")) -> No Data | I2: =COUNTIFS(CLO_Assessment!$I:$I,D2,CLO_Assessment!$C:$C,A2) -> 0 | J2: =COUNTIFS(CLO_Assessment!$I:$I,D2,CLO_Assessment!$N:$N,"<>",CLO_Assessment!$O:$O,"<>") -> 0
A3: 2568 | B3: 1 | C3: PO1 | D3: PI1.2 | E3: วิเคราะห์ปัญหาทางวิศวกรรมโดยใช้ความรู้พื้นฐานและความรู้เฉพาะทางอย่างเหมาะสม | F3: =IFERROR(AVERAGEIFS(CLO_Assessment!$M:$M,CLO_Assessment!$I:$I,D3,CLO_Assessment!$C:$C,A3,CLO_Assessment!$D:$D,B3),"") | G3: 50 | H3: =IF(F3="","No Data",IF(F3>=G3,"Pass","Improve")) -> No Data | I3: =COUNTIFS(CLO_Assessment!$I:$I,D3,CLO_Assessment!$C:$C,A3) -> 0 | J3: =COUNTIFS(CLO_Assessment!$I:$I,D3,CLO_Assessment!$N:$N,"<>",CLO_Assessment!$O:$O,"<>") -> 0
A4: 2568 | B4: 1 | C4: PO1 | D4: PI1.3 | E4: เลือกใช้ทฤษฎี แบบจำลอง หรือเครื่องมือคำนวณที่เหมาะสมกับปัญหา | F4: =IFERROR(AVERAGEIFS(CLO_Assessment!$M:$M,CLO_Assessment!$I:$I,D4,CLO_Assessment!$C:$C,A4,CLO_Assessment!$D:$D,B4),"") | G4: 50 | H4: =IF(F4="","No Data",IF(F4>=G4,"Pass","Improve")) -> No Data | I4: =COUNTIFS(CLO_Assessment!$I:$I,D4,CLO_Assessment!$C:$C,A4) -> 0 | J4: =COUNTIFS(CLO_Assessment!$I:$I,D4,CLO_Assessment!$N:$N,"<>",CLO_Assessment!$O:$O,"<>") -> 0
A5: 2568 | B5: 1 | C5: PO1 | D5: PI1.4 | E5: แปลผลลัพธ์การคำนวณหรือการวิเคราะห์เชิงวิศวกรรมได้อย่างถูกต้อง | F5: =IFERROR(AVERAGEIFS(CLO_Assessment!$M:$M,CLO_Assessment!$I:$I,D5,CLO_Assessment!$C:$C,A5,CLO_Assessment!$D:$D,B5),"") | G5: 50 | H5: =IF(F5="","No Data",IF(F5>=G5,"Pass","Improve")) -> No Data | I5: =COUNTIFS(CLO_Assessment!$I:$I,D5,CLO_Assessment!$C:$C,A5) -> 0 | J5: =COUNTIFS(CLO_Assessment!$I:$I,D5,CLO_Assessment!$N:$N,"<>",CLO_Assessment!$O:$O,"<>") -> 0
A6: 2568 | B6: 1 | C6: PO2 | D6: PI2.1 | E6: ระบุและนิยามปัญหาทางวิศวกรรมจากข้อมูลหรือข้อกำหนดที่ได้รับ | F6: =IFERROR(AVERAGEIFS(CLO_Assessment!$M:$M,CLO_Assessment!$I:$I,D6,CLO_Assessment!$C:$C,A6,CLO_Assessment!$D:$D,B6),"") | G6: 50 | H6: =IF(F6="","No Data",IF(F6>=G6,"Pass","Improve")) -> No Data | I6: =COUNTIFS(CLO_Assessment!$I:$I,D6,CLO_Assessment!$C:$C,A6) -> 0 | J6: =COUNTIFS(CLO_Assessment!$I:$I,D6,CLO_Assessment!$N:$N,"<>",CLO_Assessment!$O:$O,"<>") -> 0
A7: 2568 | B7: 1 | C7: PO2 | D7: PI2.2 | E7: วิเคราะห์ข้อจำกัด เงื่อนไข และปัจจัยที่เกี่ยวข้องกับปัญหา | F7: =IFERROR(AVERAGEIFS(CLO_Assessment!$M:$M,CLO_Assessment!$I:$I,D7,CLO_Assessment!$C:$C,A7,CLO_Assessment!$D:$D,B7),"") | G7: 50 | H7: =IF(F7="","No Data",IF(F7>=G7,"Pass","Improve")) -> No Data | I7: =COUNTIFS(CLO_Assessment!$I:$I,D7,CLO_Assessment!$C:$C,A7) -> 0 | J7: =COUNTIFS(CLO_Assessment!$I:$I,D7,CLO_Assessment!$N:$N,"<>",CLO_Assessment!$O:$O,"<>") -> 0
A8: 2568 | B8: 1 | C8: PO2 | D8: PI2.3 | E8: สังเคราะห์แนวทางแก้ปัญหาที่เป็นไปได้โดยอาศัยหลักการทางวิศวกรรม | F8: =IFERROR(AVERAGEIFS(CLO_Assessment!$M:$M,CLO_Assessment!$I:$I,D8,CLO_Assessment!$C:$C,A8,CLO_Assessment!$D:$D,B8),"") | G8: 50 | H8: =IF(F8="","No Data",IF(F8>=G8,"Pass","Improve")) -> No Data | I8: =COUNTIFS(CLO_Assessment!$I:$I,D8,CLO_Assessment!$C:$C,A8) -> 0 | J8: =COUNTIFS(CLO_Assessment!$I:$I,D8,CLO_Assessment!$N:$N,"<>",CLO_Assessment!$O:$O,"<>") -> 0
A9: 2568 | B9: 1 | C9: PO2 | D9: PI2.4 | E9: ประเมินและเลือกแนวทางแก้ปัญหาที่เหมาะสมตามเกณฑ์ที่กำหนด | F9: =IFERROR(AVERAGEIFS(CLO_Assessment!$M:$M,CLO_Assessment!$I:$I,D9,CLO_Assessment!$C:$C,A9,CLO_Assessment!$D:$D,B9),"") | G9: 50 | H9: =IF(F9="","No Data",IF(F9>=G9,"Pass","Improve")) -> No Data | I9: =COUNTIFS(CLO_Assessment!$I:$I,D9,CLO_Assessment!$C:$C,A9) -> 0 | J9: =COUNTIFS(CLO_Assessment!$I:$I,D9,CLO_Assessment!$N:$N,"<>",CLO_Assessment!$O:$O,"<>") -> 0
A10: 2568 | B10: 1 | C10: PO3 | D10: PI3.1 | E10: ออกแบบระบบ องค์ประกอบ หรือกระบวนการทางวิศวกรรมตามความต้องการที่กำหนด | F10: =IFERROR(AVERAGEIFS(CLO_Assessment!$M:$M,CLO_Assessment!$I:$I,D10,CLO_Assessment!$C:$C,A10,CLO_Assessment!$D:$D,B10),"") | G10: 50 | H10: =IF(F10="","No Data",IF(F10>=G10,"Pass","Improve")) -> No Data | I10: =COUNTIFS(CLO_Assessment!$I:$I,D10,CLO_Assessment!$C:$C,A10) -> 0 | J10: =COUNTIFS(CLO_Assessment!$I:$I,D10,CLO_Assessment!$N:$N,"<>",CLO_Assessment!$O:$O,"<>") -> 0
A11: 2568 | B11: 1 | C11: PO3 | D11: PI3.2 | E11: พิจารณาข้อจำกัดด้านเศรษฐศาสตร์ ความปลอดภัย สิ่งแวดล้อม มาตรฐาน และสังคมในการออกแบบ | F11: =IFERROR(AVERAGEIFS(CLO_Assessment!$M:$M,CLO_Assessment!$I:$I,D11,CLO_Assessment!$C:$C,A11,CLO_Assessment!$D:$D,B11),"") | G11: 50 | H11: =IF(F11="","No Data",IF(F11>=G11,"Pass","Improve")) -> No Data | I11: =COUNTIFS(CLO_Assessment!$I:$I,D11,CLO_Assessment!$C:$C,A11) -> 0 | J11: =COUNTIFS(CLO_Assessment!$I:$I,D11,CLO_Assessment!$N:$N,"<>",CLO_Assessment!$O:$O,"<>") -> 0
A12: 2568 | B12: 1 | C12: PO3 | D12: PI3.3 | E12: นำเสนอผลการออกแบบพร้อมเหตุผลสนับสนุนและหลักฐานเชิงวิศวกรรม | F12: =IFERROR(AVERAGEIFS(CLO_Assessment!$M:$M,CLO_Assessment!$I:$I,D12,CLO_Assessment!$C:$C,A12,CLO_Assessment!$D:$D,B12),"") | G12: 50 | H12: =IF(F12="","No Data",IF(F12>=G12,"Pass","Improve")) -> No Data | I12: =COUNTIFS(CLO_Assessment!$I:$I,D12,CLO_Assessment!$C:$C,A12) -> 0 | J12: =COUNTIFS(CLO_Assessment!$I:$I,D12,CLO_Assessment!$N:$N,"<>",CLO_Assessment!$O:$O,"<>") -> 0
A13: 2568 | B13: 1 | C13: PO4 | D13: PI4.1 | E13: ออกแบบการทดลอง การทดสอบ หรือวิธีการเก็บข้อมูลอย่างเหมาะสม | F13: =IFERROR(AVERAGEIFS(CLO_Assessment!$M:$M,CLO_Assessment!$I:$I,D13,CLO_Assessment!$C:$C,A13,CLO_Assessment!$D:$D,B13),"") | G13: 50 | H13: =IF(F13="","No Data",IF(F13>=G13,"Pass","Improve")) -> No Data | I13: =COUNTIFS(CLO_Assessment!$I:$I,D13,CLO_Assessment!$C:$C,A13) -> 0 | J13: =COUNTIFS(CLO_Assessment!$I:$I,D13,CLO_Assessment!$N:$N,"<>",CLO_Assessment!$O:$O,"<>") -> 0
... A31: 2568 | B31: 1 | C31: PO11 | D31: PI11.2 | E31: ปฏิบัติงานหรือเสนอแนวทางโดยสอดคล้องกับจรรยาบรรณและความรับผิดชอบทางวิชาชีพ | F31: =IFERROR(AVERAGEIFS(CLO_Assessment!$M:$M,CLO_Assessment!$I:$I,D31,CLO_Assessment!$C:$C,A31,CLO_Assessment!$D:$D,B31),"") | G31: 50 | H31: =IF(F31="","No Data",IF(F31>=G31,"Pass","Improve")) -> No Data | I31: =COUNTIFS(CLO_Assessment!$I:$I,D31,CLO_Assessment!$C:$C,A31) -> 0 | J31: =COUNTIFS(CLO_Assessment!$I:$I,D31,CLO_Assessment!$N:$N,"<>",CLO_Assessment!$O:$O,"<>") -> 0

Sheet Settings
A1: Key | B1: Value
A2: ProgramName | B2: หลักสูตรวิศวกรรมไฟฟ้าและการจัดการอุตสาหกรรม
A3: DefaultAcademicYear | B3: 2568
A4: DefaultSemester | B4: 1
A5: TargetThreshold | B5: 70
A6: EvidenceFolderName | B6: IPEN CLO-POPI Evidence
A7: PDFReportFolderName | B7: IPEN CLO-POPI PDF Reports
A8: CLOCount | B8: 5
